INSERT INTO nba_player_name
	(Name_ID, player_name)
VALUES 
	('1','Aaron Gordon');
	
INSERT INTO nba_player_name
	(Name_ID, player_name)
VALUES 
	('2','Aaron Holiday');
	
INSERT INTO nba_player_name
	(Name_ID, player_name)
VALUES 
	('3','Aaron Nesmith');

INSERT INTO nba_player_name
	(Name_ID, player_name)
VALUES 
	('4','Abdel Nader');
	
INSERT INTO nba_player_name
	(Name_ID, player_name)
VALUES 
	('5','Al Horford');
	
INSERT INTO nba_player_name
	(Name_ID, player_name)
VALUES 
	('6','Alec Burks');
	
INSERT INTO nba_player_name
	(Name_ID, player_name)
VALUES 
	('7','Alex Caruso');
	INSERT INTO nba_player_name
	(Name_ID, player_name)
VALUES 
	('8','Alex Len');
	INSERT INTO nba_player_name
	(Name_ID, player_name)
VALUES 
	('9','Al-Farouq Aminu');
	INSERT INTO nba_player_name
	(Name_ID, player_name)
VALUES 
	('10','Alize Johnson');
	
	INSERT INTO nba_player_name
	(Name_ID, player_name)
VALUES 
	('11','Alperen Sengun');
	
	INSERT INTO nba_player_name
	(Name_ID, player_name)
VALUES 
	('12','Andre Drummond');
INSERT INTO High_School
	(High_School_ID,High_School)
VALUES 
	('1','Archbishop Mitty');
	
	INSERT INTO High_School
	(High_School_ID,High_School)
VALUES 
	('2','Campbell Hall');
	
	INSERT INTO High_School
	(High_School_ID,High_School)
VALUES 
	('3','Porter-Gaud');
	
	INSERT INTO High_School
	(High_School_ID,High_School)
VALUES 
	('4','Niles North');
	
	INSERT INTO High_School
	(High_School_ID,High_School)
VALUES 
	('5','Grand Ledge');
	
	INSERT INTO High_School
	(High_School_ID,High_School)
VALUES 
	('6','Grandview');
	
	INSERT INTO High_School
	(High_School_ID,High_School)
VALUES 
	('7','A&M Consolidated');
	
	INSERT INTO High_School
	(High_School_ID,High_School)
VALUES 
	('8','Dnipropetrovsk Higher College');
	
	INSERT INTO High_School
	(High_School_ID,High_School)
VALUES 
	('9','Norcross');
	
	INSERT INTO High_School
	(High_School_ID,High_School)
VALUES 
	('10','St. John Neumann');
	
	INSERT INTO High_School
	(High_School_ID,High_School)
VALUES 
	('-1',NULL);
	
	INSERT INTO High_School
	(High_School_ID,High_School)
VALUES 
	('11','Capital Prep Magnet');
	
INSERT INTO High_School
	(High_School_ID,High_School)
VALUES 
	('12','St. Thomas More');
	
	INSERT INTO College
	(College_ID,College)
VALUES 
	('1','Arizona');
	
	INSERT INTO College
	(College_ID,College)
VALUES 
	('2','UCLA');
	
	INSERT INTO College
	(College_ID,College)
VALUES 
	('3','Vanderbilt');
	
	INSERT INTO College
	(College_ID,College)
VALUES 
	('4','Iowa State');
	
	INSERT INTO College
	(College_ID,College)
VALUES 
	('5','Florida');
	
	INSERT INTO College
	(College_ID,College)
VALUES 
	('6','Colorado');
	
	INSERT INTO College
	(College_ID,College)
VALUES 
	('7','Texas A&M');
	
	INSERT INTO College
	(College_ID,College)
VALUES 
	('8','Maryland');
	
	INSERT INTO College
	(College_ID,College)
VALUES 
	('9','Wake Forest');
	
	INSERT INTO College
	(College_ID,College)
VALUES 
	('10','Missouri State');
	
	INSERT INTO College
	(College_ID,College)
VALUES 
	('-1', NULL);
	
	INSERT INTO College
	(College_ID,College)
VALUES 
	('11','Connecticut');
	
	INSERT INTO Playing_Position
	(Playing_Position_ID,Playing_Position)
VALUES 
	('1','PG');
	
	INSERT INTO Playing_Position
	(Playing_Position_ID,Playing_Position)
VALUES 
	('2','SG');
	
	INSERT INTO Playing_Position
	(Playing_Position_ID,Playing_Position)
VALUES 
	('3','PF');
	
	INSERT INTO Playing_Position
	(Playing_Position_ID,Playing_Position)
VALUES 
	('4','SF');
	
	INSERT INTO Playing_Position
	(Playing_Position_ID,Playing_Position)
VALUES 
	('5','C');
	
	INSERT INTO Start_Team
	(Start_Team_ID,Start_Team)
VALUES 
	('1','Orlando Magic');
	
	INSERT INTO Start_Team
	(Start_Team_ID,Start_Team)
VALUES 
	('2','Indiana Pacers');
	
	INSERT INTO Start_Team
	(Start_Team_ID,Start_Team)
VALUES 
	('3','Boston Celtics');
	
	INSERT INTO Start_Team
	(Start_Team_ID,Start_Team)
VALUES 
	('4','Atlanta Hawks');
	
	INSERT INTO Start_Team
	(Start_Team_ID,Start_Team)
VALUES 
	('5','Utah Jazz');
	
	INSERT INTO Start_Team
	(Start_Team_ID,Start_Team)
VALUES 
	('6','Los Angeles Lakers');
	
	INSERT INTO Start_Team
	(Start_Team_ID,Start_Team)
VALUES 
	('7','Phoenix Suns');
	
	INSERT INTO Start_Team
	(Start_Team_ID,Start_Team)
VALUES 
	('8','Los Angeles Clippers'); 
	
	INSERT INTO Start_Team
	(Start_Team_ID,Start_Team)
VALUES 
	('9','Oklahoma City Thunders');
	
	INSERT INTO Start_Team
	(Start_Team_ID,Start_Team)
VALUES 
	('10','Detroit Pistons');
	
	INSERT INTO Current_Team
	(Current_Team_ID,Current_Team)
VALUES 
	('1','Denver Nuggets');
	
	INSERT INTO Current_Team
	(Current_Team_ID,Current_Team)
VALUES 
	('2','Washington Wizards');
	
	INSERT INTO Current_Team
	(Current_Team_ID,Current_Team)
VALUES 
	('3','Indiana Pacers');
	
	INSERT INTO Current_Team
	(Current_Team_ID,Current_Team)
VALUES 
	('4','Phoenix Suns');
	
	INSERT INTO Current_Team
	(Current_Team_ID,Current_Team)
VALUES 
	('5','Boston Celtics');
	
	INSERT INTO Current_Team
	(Current_Team_ID,Current_Team)
VALUES 
	('6','Detroit Pistons');
	
	INSERT INTO Current_Team
	(Current_Team_ID,Current_Team)
VALUES 
	('7','Chicago Bulls');
	
	INSERT INTO Current_Team
	(Current_Team_ID,Current_Team)
VALUES 
	('8','Sacramento Kings');
	
	INSERT INTO Current_Team
	(Current_Team_ID,Current_Team)
VALUES 
	('9','San Antonio Spurs');
	
	INSERT INTO Current_Team
	(Current_Team_ID,Current_Team)
VALUES 
	('10','Houston Rockets');
    
    insert into player_status 
    (status_id,player_status)
values (1, 'Active');

insert into player_status 
    (status_id,player_status)
values (2, 'Out');

insert into player_status 
    (status_id,player_status)
values (3, 'Day-to-Day');
	
INSERT INTO Coach
	(Coach_ID,Coach)
VALUES 
	('1','Michael Malone');
	
	INSERT INTO Coach
	(Coach_ID,Coach)
VALUES 
	('2','Wes Unseld Jr.');
	
	INSERT INTO Coach
	(Coach_ID,Coach)
VALUES 
	('3','Rick Carlisle');
	
	INSERT INTO Coach
	(Coach_ID,Coach)
VALUES 
	('4','Monty Williams');
	
	INSERT INTO Coach
	(Coach_ID,Coach)
VALUES 
	('5','Joe Mazzulla');
	
	INSERT INTO Coach
	(Coach_ID,Coach)
VALUES 
	('6','Dwane Casey');
	
	INSERT INTO Coach
	(Coach_ID,Coach)
VALUES 
	('7','Billy Donovan');
	
	INSERT INTO Coach
	(Coach_ID,Coach)
VALUES 
	('8','Mike Brown');
	
	INSERT INTO Coach
	(Coach_ID,Coach)
VALUES 
	('9','Gregg Popovich');
	
	INSERT INTO Coach
	(Coach_ID,Coach)
VALUES 
	('10','Stephen Silas');
	
	INSERT INTO Awards
	(awards_id,awards)
values 
	('-1',NULL);
	INSERT INTO Awards
	(awards_id,awards)
values
	('1','NBA Champion x1');
	insert into Awards
	(awards_id,awards)
values	
	('2','NBA Rebounding Leader x4');
insert into nba_roster_history (enumerator, name_id, birthplace, birthdate, High_School_Id, College_ID, Playing_Position_ID, Drafted, Start_Year,Start_Team_ID,Current_Team_ID, Status_ID, Coach_ID, Awards_ID)
	values (1,1,1,'1995-09-16',1,1,1,'Y',2014,1,1,1,1,-1);
insert into nba_roster_history (enumerator, name_id, birthplace, birthdate, High_School_Id, College_ID, Playing_Position_ID, Drafted, Start_Year,Start_Team_ID, Current_Team_ID, Status_ID, Coach_ID, Awards_ID)
	values (2,2,2,'1996-09-30',2,2,2,'Y',2018,2,2,1,2,-1); 
insert into nba_roster_history (enumerator, name_id, birthplace, birthdate, High_School_Id, College_ID, Playing_Position_ID, Drafted, Start_Year,Start_Team_ID, Current_Team_ID, Status_ID, Coach_ID, Awards_ID)
	values (3,3,3,'1999-10-16',3,3,3,'Y',2020,3,3,1,3,-1);
insert into nba_roster_history (enumerator, name_id, birthplace, birthdate, High_School_Id, College_ID, Playing_Position_ID, Drafted, Start_Year,Start_Team_ID,Current_Team_ID, Status_ID, Coach_ID, Awards_ID)
	values (4,4,4,'1993-09-25',4,4,3,'Y',2016,3,4,1,4,-1);
	insert into nba_roster_history (enumerator, name_id, birthplace, birthdate, High_School_Id, College_ID, Playing_Position_ID, Drafted, Start_Year,Start_Team_ID,Current_Team_ID, Status_ID, Coach_ID, Awards_ID)
	values (5,5,5,'1986-06-03',5,5,4,'Y',2007,4,5,1,5,1);
	insert into nba_roster_history (enumerator, name_id, birthplace, birthdate, High_School_Id, College_ID, Playing_Position_ID, Drafted, Start_Year,Start_Team_ID,Current_Team_ID, Status_ID, Coach_ID, Awards_ID)
	values (6,6,6,'1991-07-20',6,6,5,'Y',2011,5,6,1,6,-1);
	insert into nba_roster_history (enumerator, name_id, birthplace, birthdate, High_School_Id, College_ID, Playing_Position_ID, Drafted, Start_Year,Start_Team_ID,Current_Team_ID, Status_ID, Coach_ID, Awards_ID)
	values (7,7,7,'1994-02-28',7,7,5,'N',2017,6,7,1,7,1);
	insert into nba_roster_history (enumerator, name_id, birthplace, birthdate, High_School_Id, College_ID, Playing_Position_ID, Drafted, Start_Year,Start_Team_ID,Current_Team_ID, Status_ID, Coach_ID, Awards_ID)
	values (8,8,8,'1993-06-16',8,8,4,'Y',2013,7,8,1,8,-1);
	insert into nba_roster_history (enumerator, name_id, birthplace, birthdate, High_School_Id, College_ID, Playing_Position_ID, Drafted, Start_Year,Start_Team_ID,Current_Team_ID, Status_ID, Coach_ID, Awards_ID)
	values (9,9,9,'1990-09-21',9,9,1,'Y',2010,8,7,1,7,-1);
	insert into nba_roster_history (enumerator, name_id, birthplace, birthdate, High_School_Id, College_ID, Playing_Position_ID, Drafted, Start_Year,Start_Team_ID,Current_Team_ID, Status_ID, Coach_ID, Awards_ID)
	values (10,10,10,'1996-04-22',10,10,1,'Y',2018,2,9,1,9,-1);
	insert into nba_roster_history (enumerator, name_id, birthplace, birthdate, High_School_Id, College_ID, Playing_Position_ID, Drafted, Start_Year,Start_Team_ID,Current_Team_ID, Status_ID, Coach_ID, Awards_ID)
	values (11,11,11,'2002-07-25',-1,-1,4,'Y',2021,9,10,1,10,1);
	insert into nba_roster_history (enumerator, name_id, birthplace, birthdate, High_School_Id, College_ID, Playing_Position_ID, Drafted, Start_Year,Start_Team_ID,Current_Team_ID, Status_ID, Coach_ID, Awards_ID)
	values (12,12,12,'1993-08-10',11,11,4,'Y',2012,10,7,1,7,2);
	
	
	
	
	

	
	
	
	
	
	
	
	
	
	
	
	
	
	
	
	
	
	
	
	
	
	
	
	
	
	
	
	
	
	
	

